time_s,actual,persistence,ridge
480,88.97519613253004,85.77098999449159,84.80164352138748
481,82.84291338964792,88.97519613253004,87.43506092882147
482,89.64299859659977,82.84291338964792,88.94307396564696
483,91.26412668151875,89.64299859659977,91.0070409475198
484,90.71118727879556,91.26412668151875,93.34868496603536
485,95.30456247016427,90.71118727879556,95.1745219906722
486,95.39842708869756,95.30456247016427,97.18476394759296
487,102.61284474056234,95.39842708869756,98.98183338684028
488,97.53523444380784,102.61284474056234,101.12103797227574
489,100.45016741212142,97.53523444380784,102.31533819446506
490,99.4810115037229,100.45016741212142,103.32293564054848
491,103.42372060452223,99.4810115037229,104.19244934592696
492,112.29082768147417,103.42372060452223,105.22033235635904
493,111.71204165389727,112.29082768147417,106.91376188360609
494,107.83558727444387,111.71204165389727,107.89559373597288
495,107.29344769588639,107.83558727444387,107.65700996098754
496,105.59281752651977,107.29344769588639,107.15658976050123
497,103.8193076893149,105.59281752651977,106.55501331192426
498,99.59583680073392,103.8193076893149,105.7176051688194
499,106.43212429169101,99.59583680073392,104.41278323204406
500,98.99565057145664,106.43212429169101,103.90086666113795
501,104.26467471287033,98.99565057145664,102.56429008499919
502,111.61339242382886,104.26467471287033,101.44677367260343
503,99.76016891489905,111.61339242382886,101.19411631328683
504,96.9886373813863,99.76016891489905,99.16127912406938
505,97.64337017958688,96.9886373813863,96.46550927080645
506,94.05810607461083,97.64337017958688,94.45263257138464
507,92.83381158880952,94.05810607461083,92.33941162990827
508,92.77766576492517,92.83381158880952,90.13304901291971
509,87.91278657732855,92.77766576492517,88.13262445350615
515,66.56661754914636,74.10870160742496,74.0996883658635
516,70.79883020925041,66.56661754914636,71.38102761806755
517,72.31327588779804,70.79883020925041,69.71369907545892
518,68.25610839556902,72.31327588779804,68.79546267666369
519,67.82321789450118,68.25610839556902,67.40925705315547
520,69.49994370819937,67.82321789450118,66.07208499364636
521,59.08125468522222,69.49994370819937,65.32744328117992
522,64.65299884373701,59.08125468522222,63.71339986188324
523,63.692323308921054,64.65299884373701,63.035163440046084
524,56.81344272974846,63.692323308921054,62.94559314940862
525,62.971222789667074,56.81344272974846,62.161127157885375
526,65.1363367066784,62.971222789667074,62.364629358816394
527,66.28931412234427,65.1363367066784,63.29081254358189
528,56.40666589985201,66.28931412234427,64.19185665070671
529,63.90448582957408,56.40666589985201,63.96533107255091
530,63.785747037633,63.90448582957408,64.84633914066869
531,68.77784757303316,63.785747037633,66.30699070937004
532,73.98016397842912,68.77784757303316,68.13470649052391
533,69.80701467180278,73.98016397842912,70.41357566264263
534,69.09589261366492,69.80701467180278,71.93128415591295
535,81.79125224316272,69.09589261366492,73.17635569524064
536,76.69147003211029,81.79125224316272,76.05654320222108
537,76.69603781731347,76.69147003211029,78.26914511077733
538,84.49991690447196,76.69603781731347,79.86686733769157
539,79.03100461492554,84.49991690447196,82.44512585897293
540,119.05714277380858,79.03100461492554,84.35037614485955
541,128.85356498140646,119.05714277380858,90.11612257366697
542,123.08357904571592,128.85356498140646,96.10791062876643
543,138.30411993641783,123.08357904571592,98.72731976881754
544,137.04153068251506,138.30411993641783,101.75451636405977
545,133.4190199144847,137.04153068251506,104.39310918340423
546,144.48865413564474,133.4190199144847,105.70134867551576
547,142.81548993722637,144.48865413564474,107.98501647283935
548,143.17127451885972,142.81548993722637,109.93398888833524
549,143.47201834023494,143.17127451885972,111.16686557385516
555,146.16516469636974,146.19571892131296,114.97915940097833
556,153.40733774001967,146.16516469636974,114.89330056671605
557,146.72810362081847,153.40733774001967,115.35410607805372
558,156.19798650340272,146.72810362081847,114.72605541788468
559,144.54439173163806,156.19798650340272,114.61858097717439
560,150.9314463121112,144.54439173163806,113.17536214157413
561,140.07539931062558,150.9314463121112,112.03560101234072
562,142.60850742533484,140.07539931062558,110.02480704632823
563,136.71408259748705,142.60850742533484,108.19361164705654
564,137.4380746233184,136.71408259748705,106.13909007713718
565,133.4550857720501,137.4380746233184,104.21257330343934
566,134.2732197003271,133.4550857720501,102.08852657922391
567,131.5424811911522,134.2732197003271,100.1244846814451
568,136.6048010341738,131.5424811911522,98.03724121903738
569,123.6878911170144,136.6048010341738,96.52802231423613
570,128.71003723605529,123.6878911170144,93.67159633494175
571,126.78338466025198,128.71003723605529,91.39363436011797
572,126.95449524600654,126.78338466025198,89.55313507015732
573,114.15455626544345,126.95449524600654,87.71173885884912
574,114.65954798529154,114.15455626544345,84.61866384601754
575,111.29543126001563,114.65954798529154,82.00314361360222
576,107.53572281549671,111.29543126001563,79.93606017658311
577,111.0638315195225,107.53572281549671,77.8500469948154
578,109.05200527694022,111.0638315195225,76.57026208503363
579,106.05984519148451,109.05200527694022,75.43117888826644
580,107.8383907819447,106.05984519148451,74.0211765591537
581,104.58974173520413,107.8383907819447,73.11499835504239
582,104.08824110054726,104.58974173520413,72.22417987631455
583,106.94394340062132,104.08824110054726,71.48285720393083
584,100.19064635168533,106.94394340062132,71.4251781622051
585,106.48927280069059,100.19064635168533,70.86145618917674
586,101.51560607501207,106.48927280069059,71.15231064454885
587,99.33516243198123,101.51560607501207,71.33828936847664
588,109.52309898950689,99.33516243198123,71.31591941998963
589,107.03056263999862,109.52309898950689,72.82341743272237
590,105.35705732836423,107.03056263999862,74.20866885770978
591,103.86132970745294,105.35705732836423,75.03025368209663
592,108.70652774064497,103.86132970745294,75.88480823561872
593,110.51318535684062,108.70652774064497,77.57905166812168
594,105.23014465795988,110.51318535684062,79.59322826182601
595,116.70453817244034,105.23014465795988,80.83051843133437
596,115.86856658391063,116.70453817244034,83.31207177784859
597,117.29998990162629,115.86856658391063,85.80188130591193
598,119.93599506883551,117.29998990162629,87.87300180687188
599,123.47816469783378,119.93599506883551,90.09013168809042
