time_s,truth_mbps,observed_mbps,source
0,88.94906242821968,88.94906242821968,synthetic teaching data
1,88.56147616668235,88.56147616668235,synthetic teaching data
2,90.65636353320069,90.65636353320069,synthetic teaching data
3,93.77907505392838,93.77907505392838,synthetic teaching data
4,89.90649043915111,89.90649043915111,synthetic teaching data
5,99.51960268352455,99.51960268352455,synthetic teaching data
6,99.79388065530613,99.79388065530613,synthetic teaching data
7,100.73619897056922,100.73619897056922,synthetic teaching data
8,103.53689401939451,103.53689401939451,synthetic teaching data
9,101.00389179493543,101.00389179493543,synthetic teaching data
10,109.59953307904654,109.59953307904654,synthetic teaching data
11,108.6479424334578,108.6479424334578,synthetic teaching data
12,100.91839406816543,100.91839406816543,synthetic teaching data
13,106.28770865140862,106.28770865140862,synthetic teaching data
14,113.527461491602,113.527461491602,synthetic teaching data
15,106.33826689651514,106.33826689651514,synthetic teaching data
16,111.5726730901764,111.5726730901764,synthetic teaching data
17,108.02339293562189,108.02339293562189,synthetic teaching data
18,116.62380736305045,116.62380736305045,synthetic teaching data
19,104.7291509396186,104.7291509396186,synthetic teaching data
20,93.00216828013404,93.00216828013404,synthetic teaching data
21,102.98647890233009,102.98647890233009,synthetic teaching data
22,99.77423110128585,99.77423110128585,synthetic teaching data
23,99.52395461323412,99.52395461323412,synthetic teaching data
24,98.24247162813744,98.24247162813744,synthetic teaching data
25,95.03480196663917,95.03480196663917,synthetic teaching data
26,97.76072154290429,97.76072154290429,synthetic teaching data
27,95.12086610547053,95.12086610547053,synthetic teaching data
28,89.0334306278126,89.0334306278126,synthetic teaching data
29,81.471000477832,81.471000477832,synthetic teaching data
30,86.97380795500665,86.97380795500665,synthetic teaching data
31,79.80393598457113,79.80393598457113,synthetic teaching data
32,85.34856977363846,85.34856977363846,synthetic teaching data
33,77.29237282819759,77.29237282819759,synthetic teaching data
34,76.89932093262794,76.89932093262794,synthetic teaching data
35,71.19228337670064,71.19228337670064,synthetic teaching data
36,72.18286890365265,72.18286890365265,synthetic teaching data
37,63.66645405792697,63.66645405792697,synthetic teaching data
38,63.91034863169151,63.91034863169151,synthetic teaching data
39,64.6454242043146,64.6454242043146,synthetic teaching data
40,66.2015997325294,66.2015997325294,synthetic teaching data
41,68.67248811182458,68.67248811182458,synthetic teaching data
42,65.22951056335735,65.22951056335735,synthetic teaching data
43,61.340107064635234,61.340107064635234,synthetic teaching data
44,67.93757317350229,67.93757317350229,synthetic teaching data
45,65.1554303693521,65.1554303693521,synthetic teaching data
46,66.41776103161745,66.41776103161745,synthetic teaching data
47,56.22537823185969,56.22537823185969,synthetic teaching data
48,63.87304784121664,63.87304784121664,synthetic teaching data
49,66.2683125941105,66.2683125941105,synthetic teaching data
50,60.331551547381075,60.331551547381075,synthetic teaching data
51,69.27331347439359,69.27331347439359,synthetic teaching data
52,72.5243126847533,72.5243126847533,synthetic teaching data
53,74.08659656070716,74.08659656070716,synthetic teaching data
54,69.51496132278137,69.51496132278137,synthetic teaching data
55,74.93175321149725,74.93175321149725,synthetic teaching data
56,78.34814430985408,78.34814430985408,synthetic teaching data
57,79.4269826058127,79.4269826058127,synthetic teaching data
58,74.27167198545891,74.27167198545891,synthetic teaching data
59,83.0004329706425,83.0004329706425,synthetic teaching data
60,82.16963461705981,82.16963461705981,synthetic teaching data
61,79.64900802307812,79.64900802307812,synthetic teaching data
62,87.15571461229705,87.15571461229705,synthetic teaching data
63,87.4517050342704,87.4517050342704,synthetic teaching data
64,90.72115917398736,90.72115917398736,synthetic teaching data
65,106.17269555850082,106.17269555850082,synthetic teaching data
66,94.46403759725803,94.46403759725803,synthetic teaching data
67,101.07741549512562,101.07741549512562,synthetic teaching data
68,102.14699839825798,102.14699839825798,synthetic teaching data
69,101.07232811249371,101.07232811249371,synthetic teaching data
70,104.33553202456504,104.33553202456504,synthetic teaching data
71,110.96012039750227,110.96012039750227,synthetic teaching data
72,106.32034626694822,106.32034626694822,synthetic teaching data
73,108.61169668020123,108.61169668020123,synthetic teaching data
74,117.50153853256899,117.50153853256899,synthetic teaching data
75,110.99411467460548,110.99411467460548,synthetic teaching data
76,109.5549600459509,109.5549600459509,synthetic teaching data
77,102.60084945999786,102.60084945999786,synthetic teaching data
78,106.88852549959866,106.88852549959866,synthetic teaching data
79,100.30446329367462,100.30446329367462,synthetic teaching data
80,102.98781047917507,102.98781047917507,synthetic teaching data
81,99.34573167959758,99.34573167959758,synthetic teaching data
82,99.72453067454728,99.72453067454728,synthetic teaching data
83,93.8114339650323,93.8114339650323,synthetic teaching data
84,99.71977691376568,99.71977691376568,synthetic teaching data
85,100.8550440362734,100.8550440362734,synthetic teaching data
86,99.05486466626476,99.05486466626476,synthetic teaching data
87,95.69397172159817,95.69397172159817,synthetic teaching data
88,80.21720414512956,80.21720414512956,synthetic teaching data
89,90.52225198004662,90.52225198004662,synthetic teaching data
90,92.17617182649752,92.17617182649752,synthetic teaching data
91,81.13131682646315,81.13131682646315,synthetic teaching data
92,82.05725659748896,82.05725659748896,synthetic teaching data
93,74.753071173589,74.753071173589,synthetic teaching data
94,74.39504861373015,74.39504861373015,synthetic teaching data
95,74.48698025199569,74.48698025199569,synthetic teaching data
96,70.11069089671129,70.11069089671129,synthetic teaching data
97,72.52540777700023,72.52540777700023,synthetic teaching data
98,62.54041180821452,62.54041180821452,synthetic teaching data
99,60.83786266929883,60.83786266929883,synthetic teaching data
100,65.32148872026893,65.32148872026893,synthetic teaching data
101,62.475105750916015,62.475105750916015,synthetic teaching data
102,60.35713924253947,60.35713924253947,synthetic teaching data
103,59.19657263618254,59.19657263618254,synthetic teaching data
104,60.32051771392938,60.32051771392938,synthetic teaching data
105,62.480805536290134,62.480805536290134,synthetic teaching data
106,68.45504077273797,68.45504077273797,synthetic teaching data
107,65.61611235700316,65.61611235700316,synthetic teaching data
108,61.362738665278755,61.362738665278755,synthetic teaching data
109,62.94662985691645,62.94662985691645,synthetic teaching data
110,61.93283871379867,61.93283871379867,synthetic teaching data
111,65.9951190971777,65.9951190971777,synthetic teaching data
112,69.97343712962856,69.97343712962856,synthetic teaching data
113,73.01350720101297,73.01350720101297,synthetic teaching data
114,73.43457513440151,73.43457513440151,synthetic teaching data
115,75.70471921305872,75.70471921305872,synthetic teaching data
116,74.66902304421862,74.66902304421862,synthetic teaching data
117,79.26245577703715,79.26245577703715,synthetic teaching data
118,77.27762641085991,77.27762641085991,synthetic teaching data
119,74.61719088709786,74.61719088709786,synthetic teaching data
120,79.62184110213667,79.62184110213667,synthetic teaching data
121,83.6764675260374,83.6764675260374,synthetic teaching data
122,90.59457401746687,90.59457401746687,synthetic teaching data
123,94.27979948534977,94.27979948534977,synthetic teaching data
124,88.03731256788159,88.03731256788159,synthetic teaching data
125,97.24188740408886,97.24188740408886,synthetic teaching data
126,97.71031036906919,97.71031036906919,synthetic teaching data
127,99.3111994341012,99.3111994341012,synthetic teaching data
128,95.71504199010491,95.71504199010491,synthetic teaching data
129,96.53784736070344,96.53784736070344,synthetic teaching data
130,102.59051282453453,102.59051282453453,synthetic teaching data
131,101.93648402949422,101.93648402949422,synthetic teaching data
132,110.19249501250404,110.19249501250404,synthetic teaching data
133,106.85919558357799,106.85919558357799,synthetic teaching data
134,110.2545818872274,110.2545818872274,synthetic teaching data
135,96.96934843525707,96.96934843525707,synthetic teaching data
136,104.11422346360268,104.11422346360268,synthetic teaching data
137,102.45298707858372,102.45298707858372,synthetic teaching data
138,99.25829425470992,99.25829425470992,synthetic teaching data
139,107.53838940582212,107.53838940582212,synthetic teaching data
140,97.80256554733793,97.80256554733793,synthetic teaching data
141,98.6995556154959,98.6995556154959,synthetic teaching data
142,97.56465992833593,97.56465992833593,synthetic teaching data
143,99.85994041453176,99.85994041453176,synthetic teaching data
144,98.0663635099605,98.0663635099605,synthetic teaching data
145,92.3826933722508,92.3826933722508,synthetic teaching data
146,93.58199096036599,93.58199096036599,synthetic teaching data
147,91.23613272712132,91.23613272712132,synthetic teaching data
148,82.14300485876325,82.14300485876325,synthetic teaching data
149,83.91529188614831,83.91529188614831,synthetic teaching data
150,82.5812752958173,82.5812752958173,synthetic teaching data
151,81.02281810497244,81.02281810497244,synthetic teaching data
152,74.0674889980507,74.0674889980507,synthetic teaching data
153,83.77161880240486,83.77161880240486,synthetic teaching data
154,74.14292878166692,74.14292878166692,synthetic teaching data
155,77.36778428382092,77.36778428382092,synthetic teaching data
156,78.55087859116962,78.55087859116962,synthetic teaching data
157,70.32120851512309,70.32120851512309,synthetic teaching data
158,63.85706222879111,63.85706222879111,synthetic teaching data
159,68.39964904475356,68.39964904475356,synthetic teaching data
160,68.50043177279379,68.50043177279379,synthetic teaching data
161,69.21444196368186,69.21444196368186,synthetic teaching data
162,66.61244840786107,66.61244840786107,synthetic teaching data
163,58.01154947322807,58.01154947322807,synthetic teaching data
164,61.241158426471806,61.241158426471806,synthetic teaching data
165,58.254963939106744,58.254963939106744,synthetic teaching data
166,57.32495332735001,57.32495332735001,synthetic teaching data
167,63.33556567287081,63.33556567287081,synthetic teaching data
168,59.57874574819509,59.57874574819509,synthetic teaching data
169,66.25273981207924,66.25273981207924,synthetic teaching data
170,59.423599831474725,59.423599831474725,synthetic teaching data
171,67.7919838013272,67.7919838013272,synthetic teaching data
172,68.4865101112311,68.4865101112311,synthetic teaching data
173,60.89671298451138,60.89671298451138,synthetic teaching data
174,75.54696218865385,75.54696218865385,synthetic teaching data
175,69.73325303680616,69.73325303680616,synthetic teaching data
176,76.96702706099856,76.96702706099856,synthetic teaching data
177,78.03808302950722,78.03808302950722,synthetic teaching data
178,75.99646639909022,75.99646639909022,synthetic teaching data
179,74.51706679948347,74.51706679948347,synthetic teaching data
180,86.30603228512142,86.30603228512142,synthetic teaching data
181,85.3134251621559,85.3134251621559,synthetic teaching data
182,86.08567100250015,86.08567100250015,synthetic teaching data
183,87.89847700334906,87.89847700334906,synthetic teaching data
184,88.2080873850931,88.2080873850931,synthetic teaching data
185,98.81343277758029,98.81343277758029,synthetic teaching data
186,95.50978904194585,95.50978904194585,synthetic teaching data
187,94.819078330394,94.819078330394,synthetic teaching data
188,104.69039499344024,104.69039499344024,synthetic teaching data
189,109.10402904951061,109.10402904951061,synthetic teaching data
190,111.7700131240095,111.7700131240095,synthetic teaching data
191,109.58892143844399,109.58892143844399,synthetic teaching data
192,99.46789491626663,99.46789491626663,synthetic teaching data
193,105.14224722862922,105.14224722862922,synthetic teaching data
194,105.53778122789817,105.53778122789817,synthetic teaching data
195,105.28134389239943,105.28134389239943,synthetic teaching data
196,106.03044038497814,106.03044038497814,synthetic teaching data
197,105.95388334660876,105.95388334660876,synthetic teaching data
198,103.88699260307574,103.88699260307574,synthetic teaching data
199,112.89694843365922,112.89694843365922,synthetic teaching data
200,102.46010736695932,102.46010736695932,synthetic teaching data
201,103.82138186616933,103.82138186616933,synthetic teaching data
202,107.71651838941571,107.71651838941571,synthetic teaching data
203,101.6558580904588,101.6558580904588,synthetic teaching data
204,97.5546996116112,97.5546996116112,synthetic teaching data
205,93.3425095915383,93.3425095915383,synthetic teaching data
206,90.60454941333805,90.60454941333805,synthetic teaching data
207,91.64128208275245,91.64128208275245,synthetic teaching data
208,89.94108700451036,89.94108700451036,synthetic teaching data
209,83.7908789266136,83.7908789266136,synthetic teaching data
210,87.5831037097701,87.5831037097701,synthetic teaching data
211,83.7000305335063,83.7000305335063,synthetic teaching data
212,81.5781135976356,81.5781135976356,synthetic teaching data
213,75.77818940839197,75.77818940839197,synthetic teaching data
214,74.17153479779941,74.17153479779941,synthetic teaching data
215,68.64785540206654,68.64785540206654,synthetic teaching data
216,71.46400799519387,71.46400799519387,synthetic teaching data
217,67.41995886773678,67.41995886773678,synthetic teaching data
218,70.58921770858328,70.58921770858328,synthetic teaching data
219,67.76302169697739,67.76302169697739,synthetic teaching data
220,66.55143759935257,66.55143759935257,synthetic teaching data
221,57.80619611204128,57.80619611204128,synthetic teaching data
222,65.88233217039979,65.88233217039979,synthetic teaching data
223,66.9427715799209,66.9427715799209,synthetic teaching data
224,59.917104452975124,59.917104452975124,synthetic teaching data
225,62.70720535804301,62.70720535804301,synthetic teaching data
226,64.63985289320152,64.63985289320152,synthetic teaching data
227,58.5663096362372,58.5663096362372,synthetic teaching data
228,68.52532939812332,68.52532939812332,synthetic teaching data
229,64.22047987600251,64.22047987600251,synthetic teaching data
230,64.96714616051962,64.96714616051962,synthetic teaching data
231,60.848660446559784,60.848660446559784,synthetic teaching data
232,65.52119004043126,65.52119004043126,synthetic teaching data
233,77.25185632390803,77.25185632390803,synthetic teaching data
234,70.65812795689094,70.65812795689094,synthetic teaching data
235,85.72329879052313,85.72329879052313,synthetic teaching data
236,69.94435535124296,69.94435535124296,synthetic teaching data
237,87.33245430968805,87.33245430968805,synthetic teaching data
238,82.00984882184696,82.00984882184696,synthetic teaching data
239,74.29165739808975,74.29165739808975,synthetic teaching data
240,85.84344314761071,85.84344314761071,synthetic teaching data
241,81.63873373447173,81.63873373447173,synthetic teaching data
242,94.95315993725704,94.95315993725704,synthetic teaching data
243,100.28124087570728,100.28124087570728,synthetic teaching data
244,94.70619322051085,94.70619322051085,synthetic teaching data
245,102.56622801358013,102.56622801358013,synthetic teaching data
246,95.34309234359087,95.34309234359087,synthetic teaching data
247,97.0991951040958,97.0991951040958,synthetic teaching data
248,100.89927861165337,100.89927861165337,synthetic teaching data
249,97.81859782712151,97.81859782712151,synthetic teaching data
250,98.7495505773021,98.7495505773021,synthetic teaching data
251,106.4390123747615,106.4390123747615,synthetic teaching data
252,108.13972027137943,108.13972027137943,synthetic teaching data
253,104.15167083282111,104.15167083282111,synthetic teaching data
254,102.98894825920047,102.98894825920047,synthetic teaching data
255,101.40398795862431,101.40398795862431,synthetic teaching data
256,102.75689716524401,102.75689716524401,synthetic teaching data
257,112.14740634098763,112.14740634098763,synthetic teaching data
258,109.40420554873563,109.40420554873563,synthetic teaching data
259,107.57714752235887,107.57714752235887,synthetic teaching data
260,112.49202863266679,112.49202863266679,synthetic teaching data
261,112.50354264479553,112.50354264479553,synthetic teaching data
262,112.61031810455619,112.61031810455619,synthetic teaching data
263,101.34052452969475,101.34052452969475,synthetic teaching data
264,98.21358411053752,98.21358411053752,synthetic teaching data
265,100.93427956261276,100.93427956261276,synthetic teaching data
266,96.06461162528237,96.06461162528237,synthetic teaching data
267,95.4221091000251,95.4221091000251,synthetic teaching data
268,95.47270622015711,95.47270622015711,synthetic teaching data
269,87.87844150546125,87.87844150546125,synthetic teaching data
270,91.73134447902669,91.73134447902669,synthetic teaching data
271,86.72315826547741,86.72315826547741,synthetic teaching data
272,80.95886672643843,80.95886672643843,synthetic teaching data
273,79.16785757735367,79.16785757735367,synthetic teaching data
274,75.44471012202578,75.44471012202578,synthetic teaching data
275,77.00639964273597,77.00639964273597,synthetic teaching data
276,71.4869348772758,71.4869348772758,synthetic teaching data
277,64.26507871710467,64.26507871710467,synthetic teaching data
278,67.07477773448275,67.07477773448275,synthetic teaching data
279,69.21901281898803,69.21901281898803,synthetic teaching data
280,68.72044911516059,68.72044911516059,synthetic teaching data
281,68.04414201181989,68.04414201181989,synthetic teaching data
282,71.20277010302044,71.20277010302044,synthetic teaching data
283,70.88365053284677,70.88365053284677,synthetic teaching data
284,61.22820093560537,61.22820093560537,synthetic teaching data
285,56.33714657417093,56.33714657417093,synthetic teaching data
286,61.04622085851934,61.04622085851934,synthetic teaching data
287,67.07035270747423,67.07035270747423,synthetic teaching data
288,71.61508190207347,71.61508190207347,synthetic teaching data
289,63.18368933925757,63.18368933925757,synthetic teaching data
290,68.31912980239913,68.31912980239913,synthetic teaching data
291,61.22162727432671,61.22162727432671,synthetic teaching data
292,66.04039461419285,66.04039461419285,synthetic teaching data
293,68.35175307264673,68.35175307264673,synthetic teaching data
294,71.0306851417014,71.0306851417014,synthetic teaching data
295,81.26458227945326,81.26458227945326,synthetic teaching data
296,71.73955180195252,71.73955180195252,synthetic teaching data
297,73.91626153764174,73.91626153764174,synthetic teaching data
298,78.8693188532046,78.8693188532046,synthetic teaching data
299,80.13770796800065,80.13770796800065,synthetic teaching data
300,85.02784215302974,85.02784215302974,synthetic teaching data
301,83.35675417818747,83.35675417818747,synthetic teaching data
302,91.46878410789928,91.46878410789928,synthetic teaching data
303,94.02084267853557,94.02084267853557,synthetic teaching data
304,90.82683683064006,90.82683683064006,synthetic teaching data
305,94.48380431775844,94.48380431775844,synthetic teaching data
306,90.75507833530197,90.75507833530197,synthetic teaching data
307,102.61937422238746,102.61937422238746,synthetic teaching data
308,99.41488970859146,99.41488970859146,synthetic teaching data
309,101.67388118083238,101.67388118083238,synthetic teaching data
310,106.06834235758635,106.06834235758635,synthetic teaching data
311,106.39673067624013,106.39673067624013,synthetic teaching data
312,106.39917440947704,106.39917440947704,synthetic teaching data
313,101.26983021285609,101.26983021285609,synthetic teaching data
314,107.4171235971981,107.4171235971981,synthetic teaching data
315,105.67584029839654,105.67584029839654,synthetic teaching data
316,110.3696115089439,110.3696115089439,synthetic teaching data
317,102.52990773580657,102.52990773580657,synthetic teaching data
318,102.51629930366325,102.51629930366325,synthetic teaching data
319,106.67004393390546,106.67004393390546,synthetic teaching data
320,101.07812115484622,101.07812115484622,synthetic teaching data
321,103.17815856011777,103.17815856011777,synthetic teaching data
322,95.19608036933224,95.19608036933224,synthetic teaching data
323,105.86870287575069,105.86870287575069,synthetic teaching data
324,93.95540008095402,93.95540008095402,synthetic teaching data
325,93.0179777241632,93.0179777241632,synthetic teaching data
326,100.48327789167557,100.48327789167557,synthetic teaching data
327,96.9218086602976,96.9218086602976,synthetic teaching data
328,92.45551115711231,92.45551115711231,synthetic teaching data
329,88.94837402999414,88.94837402999414,synthetic teaching data
330,89.32747467848951,89.32747467848951,synthetic teaching data
331,87.9827025411998,87.9827025411998,synthetic teaching data
332,89.33852033551139,89.33852033551139,synthetic teaching data
333,73.99571152904656,73.99571152904656,synthetic teaching data
334,80.18786969813834,80.18786969813834,synthetic teaching data
335,72.35808304555334,72.35808304555334,synthetic teaching data
336,77.03107093778401,77.03107093778401,synthetic teaching data
337,76.41674047894602,76.41674047894602,synthetic teaching data
338,74.52986887120495,74.52986887120495,synthetic teaching data
339,70.78340584701652,70.78340584701652,synthetic teaching data
340,62.8170406975126,62.8170406975126,synthetic teaching data
341,63.5693484785832,63.5693484785832,synthetic teaching data
342,64.03823074144049,64.03823074144049,synthetic teaching data
343,61.920181309103775,61.920181309103775,synthetic teaching data
344,69.00594063086767,69.00594063086767,synthetic teaching data
345,68.72192545366865,68.72192545366865,synthetic teaching data
346,65.39719947711363,65.39719947711363,synthetic teaching data
347,64.50512480722116,64.50512480722116,synthetic teaching data
348,64.70255350453564,64.70255350453564,synthetic teaching data
349,68.11480629614303,68.11480629614303,synthetic teaching data
350,61.534256047731986,61.534256047731986,synthetic teaching data
351,74.33572378943542,74.33572378943542,synthetic teaching data
352,71.79248015779763,71.79248015779763,synthetic teaching data
353,66.74351838729365,66.74351838729365,synthetic teaching data
354,63.50370312539549,63.50370312539549,synthetic teaching data
355,77.1326922708727,77.1326922708727,synthetic teaching data
356,76.73967864859652,76.73967864859652,synthetic teaching data
357,80.4987256833848,80.4987256833848,synthetic teaching data
358,81.13092685681283,81.13092685681283,synthetic teaching data
359,83.13392570245811,83.13392570245811,synthetic teaching data
360,90.6390508846047,90.6390508846047,synthetic teaching data
361,86.05742421071837,86.05742421071837,synthetic teaching data
362,86.26346054033802,86.26346054033802,synthetic teaching data
363,95.61122644239964,95.61122644239964,synthetic teaching data
364,89.4934334415745,89.4934334415745,synthetic teaching data
365,91.84159125223856,91.84159125223856,synthetic teaching data
366,93.73394050983741,93.73394050983741,synthetic teaching data
367,104.27106004579852,104.27106004579852,synthetic teaching data
368,107.9019257991727,107.9019257991727,synthetic teaching data
369,101.14238367988821,101.14238367988821,synthetic teaching data
370,109.20702920635878,109.20702920635878,synthetic teaching data
371,100.75263622877559,100.75263622877559,synthetic teaching data
372,104.10378801024355,104.10378801024355,synthetic teaching data
373,101.61093711044683,101.61093711044683,synthetic teaching data
374,103.38768332142928,103.38768332142928,synthetic teaching data
375,103.75725019369503,103.75725019369503,synthetic teaching data
376,108.39252258997129,108.39252258997129,synthetic teaching data
377,110.70652899958776,110.70652899958776,synthetic teaching data
378,100.76751020532437,100.76751020532437,synthetic teaching data
379,108.66430876361639,108.66430876361639,synthetic teaching data
380,104.98006959026482,104.98006959026482,synthetic teaching data
381,99.1896307087662,99.1896307087662,synthetic teaching data
382,106.55792771724747,106.55792771724747,synthetic teaching data
383,99.26549090448759,99.26549090448759,synthetic teaching data
384,92.85864370268422,92.85864370268422,synthetic teaching data
385,100.25024230401154,100.25024230401154,synthetic teaching data
386,97.2884036549647,97.2884036549647,synthetic teaching data
387,95.37026527328055,95.37026527328055,synthetic teaching data
388,95.89391137994457,95.89391137994457,synthetic teaching data
389,77.24476179083032,77.24476179083032,synthetic teaching data
390,86.71765592949251,86.71765592949251,synthetic teaching data
391,83.72482864841594,83.72482864841594,synthetic teaching data
392,89.47564316466432,89.47564316466432,synthetic teaching data
393,81.05653982140291,81.05653982140291,synthetic teaching data
394,73.27672751995695,73.27672751995695,synthetic teaching data
395,76.4053957743921,76.4053957743921,synthetic teaching data
396,61.0937159858166,61.0937159858166,synthetic teaching data
397,74.48637732172854,74.48637732172854,synthetic teaching data
398,62.18728028989488,62.18728028989488,synthetic teaching data
399,67.53330943413262,67.53330943413262,synthetic teaching data
400,72.31334143535003,72.31334143535003,synthetic teaching data
401,60.80432000577481,60.80432000577481,synthetic teaching data
402,64.75528924149995,64.75528924149995,synthetic teaching data
403,61.70459823429464,61.70459823429464,synthetic teaching data
404,62.45656802935437,62.45656802935437,synthetic teaching data
405,60.06449614635545,60.06449614635545,synthetic teaching data
406,61.50532653928711,61.50532653928711,synthetic teaching data
407,62.227971373649154,62.227971373649154,synthetic teaching data
408,66.10086459993427,66.10086459993427,synthetic teaching data
409,69.28584609166788,69.28584609166788,synthetic teaching data
410,62.515276667189475,62.515276667189475,synthetic teaching data
411,65.60203570152424,65.60203570152424,synthetic teaching data
412,64.868180081848,64.868180081848,synthetic teaching data
413,68.8609159626422,68.8609159626422,synthetic teaching data
414,75.824597093995,75.824597093995,synthetic teaching data
415,75.63442515966732,75.63442515966732,synthetic teaching data
416,81.40489425867456,81.40489425867456,synthetic teaching data
417,79.74855390707265,79.74855390707265,synthetic teaching data
418,74.46642831062901,74.46642831062901,synthetic teaching data
419,77.91974237763652,77.91974237763652,synthetic teaching data
420,86.78028607300625,86.78028607300625,synthetic teaching data
421,83.8225727377048,83.8225727377048,synthetic teaching data
422,91.9442714306966,91.9442714306966,synthetic teaching data
423,94.81500679498421,94.81500679498421,synthetic teaching data
424,91.48219751406029,91.48219751406029,synthetic teaching data
425,93.3475680707433,93.3475680707433,synthetic teaching data
426,100.68416957729903,100.68416957729903,synthetic teaching data
427,96.96411525340072,96.96411525340072,synthetic teaching data
428,99.6827452897442,99.6827452897442,synthetic teaching data
429,99.00169207817241,99.00169207817241,synthetic teaching data
430,101.6003752773265,101.6003752773265,synthetic teaching data
431,97.9935974513739,97.9935974513739,synthetic teaching data
432,103.81341266646564,103.81341266646564,synthetic teaching data
433,112.56305756838985,112.56305756838985,synthetic teaching data
434,110.20316002072451,110.20316002072451,synthetic teaching data
435,103.37632901579617,103.37632901579617,synthetic teaching data
436,113.00988418745621,113.00988418745621,synthetic teaching data
437,109.14770131245473,109.14770131245473,synthetic teaching data
438,115.78567983620694,115.78567983620694,synthetic teaching data
439,102.85380535049717,102.85380535049717,synthetic teaching data
440,97.02617434176543,97.02617434176543,synthetic teaching data
441,101.83392554038642,101.83392554038642,synthetic teaching data
442,97.08534477237622,97.08534477237622,synthetic teaching data
443,96.641198381474,96.641198381474,synthetic teaching data
444,97.48657253513127,97.48657253513127,synthetic teaching data
445,95.91116199583443,95.91116199583443,synthetic teaching data
446,89.81487689219608,89.81487689219608,synthetic teaching data
447,88.89369662720436,88.89369662720436,synthetic teaching data
448,93.38370846857097,93.38370846857097,synthetic teaching data
449,87.15513123520881,87.15513123520881,synthetic teaching data
450,83.68732881558984,83.68732881558984,synthetic teaching data
451,79.05150923898657,79.05150923898657,synthetic teaching data
452,80.35744415778728,80.35744415778728,synthetic teaching data
453,82.87411599359835,82.87411599359835,synthetic teaching data
454,77.5784470708947,77.5784470708947,synthetic teaching data
455,75.77448750489894,75.77448750489894,synthetic teaching data
456,76.09309668013923,76.09309668013923,synthetic teaching data
457,72.7135899153231,72.7135899153231,synthetic teaching data
458,66.76676591657464,66.76676591657464,synthetic teaching data
459,58.33512410462861,58.33512410462861,synthetic teaching data
460,69.75454841716929,69.75454841716929,synthetic teaching data
461,61.88298307612019,61.88298307612019,synthetic teaching data
462,52.624230671789334,52.624230671789334,synthetic teaching data
463,61.7899292225034,61.7899292225034,synthetic teaching data
464,64.27424148572597,64.27424148572597,synthetic teaching data
465,68.74380963024409,68.74380963024409,synthetic teaching data
466,64.24414721714027,64.24414721714027,synthetic teaching data
467,58.25757101010455,58.25757101010455,synthetic teaching data
468,63.438885538957436,63.438885538957436,synthetic teaching data
469,58.12850659929758,58.12850659929758,synthetic teaching data
470,64.64575123355371,64.64575123355371,synthetic teaching data
471,67.44861461077262,67.44861461077262,synthetic teaching data
472,62.689236785457425,62.689236785457425,synthetic teaching data
473,68.11891992053219,68.11891992053219,synthetic teaching data
474,66.78321255487162,66.78321255487162,synthetic teaching data
475,71.01195068307707,71.01195068307707,synthetic teaching data
476,74.53930217465526,74.53930217465526,synthetic teaching data
477,75.02086530692335,75.02086530692335,synthetic teaching data
478,81.60342036898331,81.60342036898331,synthetic teaching data
479,85.77098999449159,85.77098999449159,synthetic teaching data
480,88.97519613253004,88.97519613253004,synthetic teaching data
481,82.84291338964792,82.84291338964792,synthetic teaching data
482,89.64299859659977,89.64299859659977,synthetic teaching data
483,91.26412668151875,91.26412668151875,synthetic teaching data
484,90.71118727879556,90.71118727879556,synthetic teaching data
485,95.30456247016427,95.30456247016427,synthetic teaching data
486,95.39842708869756,95.39842708869756,synthetic teaching data
487,102.61284474056234,102.61284474056234,synthetic teaching data
488,97.53523444380784,97.53523444380784,synthetic teaching data
489,100.45016741212142,100.45016741212142,synthetic teaching data
490,99.4810115037229,99.4810115037229,synthetic teaching data
491,103.42372060452223,103.42372060452223,synthetic teaching data
492,112.29082768147417,112.29082768147417,synthetic teaching data
493,111.71204165389727,111.71204165389727,synthetic teaching data
494,107.83558727444387,107.83558727444387,synthetic teaching data
495,107.29344769588639,107.29344769588639,synthetic teaching data
496,105.59281752651977,105.59281752651977,synthetic teaching data
497,103.8193076893149,103.8193076893149,synthetic teaching data
498,99.59583680073392,99.59583680073392,synthetic teaching data
499,106.43212429169101,106.43212429169101,synthetic teaching data
500,98.99565057145664,98.99565057145664,synthetic teaching data
501,104.26467471287033,104.26467471287033,synthetic teaching data
502,111.61339242382886,111.61339242382886,synthetic teaching data
503,99.76016891489905,99.76016891489905,synthetic teaching data
504,96.9886373813863,96.9886373813863,synthetic teaching data
505,97.64337017958688,97.64337017958688,synthetic teaching data
506,94.05810607461083,94.05810607461083,synthetic teaching data
507,92.83381158880952,92.83381158880952,synthetic teaching data
508,92.77766576492517,92.77766576492517,synthetic teaching data
509,87.91278657732855,87.91278657732855,synthetic teaching data
510,82.65833537601189,,synthetic teaching data
511,89.2818080150564,,synthetic teaching data
512,77.93009965484529,77.93009965484529,synthetic teaching data
513,79.05493541388411,79.05493541388411,synthetic teaching data
514,74.10870160742496,74.10870160742496,synthetic teaching data
515,66.56661754914636,66.56661754914636,synthetic teaching data
516,70.79883020925041,70.79883020925041,synthetic teaching data
517,72.31327588779804,72.31327588779804,synthetic teaching data
518,68.25610839556902,68.25610839556902,synthetic teaching data
519,67.82321789450118,67.82321789450118,synthetic teaching data
520,69.49994370819937,69.49994370819937,synthetic teaching data
521,59.08125468522222,59.08125468522222,synthetic teaching data
522,64.65299884373701,64.65299884373701,synthetic teaching data
523,63.692323308921054,63.692323308921054,synthetic teaching data
524,56.81344272974846,56.81344272974846,synthetic teaching data
525,62.971222789667074,62.971222789667074,synthetic teaching data
526,65.1363367066784,65.1363367066784,synthetic teaching data
527,66.28931412234427,66.28931412234427,synthetic teaching data
528,56.40666589985201,56.40666589985201,synthetic teaching data
529,63.90448582957408,63.90448582957408,synthetic teaching data
530,63.785747037633,63.785747037633,synthetic teaching data
531,68.77784757303316,68.77784757303316,synthetic teaching data
532,73.98016397842912,73.98016397842912,synthetic teaching data
533,69.80701467180278,69.80701467180278,synthetic teaching data
534,69.09589261366492,69.09589261366492,synthetic teaching data
535,81.79125224316272,81.79125224316272,synthetic teaching data
536,76.69147003211029,76.69147003211029,synthetic teaching data
537,76.69603781731347,76.69603781731347,synthetic teaching data
538,84.49991690447196,84.49991690447196,synthetic teaching data
539,79.03100461492554,79.03100461492554,synthetic teaching data
540,119.05714277380858,119.05714277380858,synthetic teaching data
541,128.85356498140646,128.85356498140646,synthetic teaching data
542,123.08357904571592,123.08357904571592,synthetic teaching data
543,138.30411993641783,138.30411993641783,synthetic teaching data
544,137.04153068251506,137.04153068251506,synthetic teaching data
545,133.4190199144847,133.4190199144847,synthetic teaching data
546,144.48865413564474,144.48865413564474,synthetic teaching data
547,142.81548993722637,142.81548993722637,synthetic teaching data
548,143.17127451885972,143.17127451885972,synthetic teaching data
549,143.47201834023494,143.47201834023494,synthetic teaching data
550,149.50571276527657,,synthetic teaching data
551,146.1418661342468,,synthetic teaching data
552,147.103952920949,147.103952920949,synthetic teaching data
553,145.34708035147275,145.34708035147275,synthetic teaching data
554,146.19571892131296,146.19571892131296,synthetic teaching data
555,146.16516469636974,146.16516469636974,synthetic teaching data
556,153.40733774001967,153.40733774001967,synthetic teaching data
557,146.72810362081847,146.72810362081847,synthetic teaching data
558,156.19798650340272,156.19798650340272,synthetic teaching data
559,144.54439173163806,144.54439173163806,synthetic teaching data
560,150.9314463121112,150.9314463121112,synthetic teaching data
561,140.07539931062558,140.07539931062558,synthetic teaching data
562,142.60850742533484,142.60850742533484,synthetic teaching data
563,136.71408259748705,136.71408259748705,synthetic teaching data
564,137.4380746233184,137.4380746233184,synthetic teaching data
565,133.4550857720501,133.4550857720501,synthetic teaching data
566,134.2732197003271,134.2732197003271,synthetic teaching data
567,131.5424811911522,131.5424811911522,synthetic teaching data
568,136.6048010341738,136.6048010341738,synthetic teaching data
569,123.6878911170144,123.6878911170144,synthetic teaching data
570,128.71003723605529,128.71003723605529,synthetic teaching data
571,126.78338466025198,126.78338466025198,synthetic teaching data
572,126.95449524600654,126.95449524600654,synthetic teaching data
573,114.15455626544345,114.15455626544345,synthetic teaching data
574,114.65954798529154,114.65954798529154,synthetic teaching data
575,111.29543126001563,111.29543126001563,synthetic teaching data
576,107.53572281549671,107.53572281549671,synthetic teaching data
577,111.0638315195225,111.0638315195225,synthetic teaching data
578,109.05200527694022,109.05200527694022,synthetic teaching data
579,106.05984519148451,106.05984519148451,synthetic teaching data
580,107.8383907819447,107.8383907819447,synthetic teaching data
581,104.58974173520413,104.58974173520413,synthetic teaching data
582,104.08824110054726,104.08824110054726,synthetic teaching data
583,106.94394340062132,106.94394340062132,synthetic teaching data
584,100.19064635168533,100.19064635168533,synthetic teaching data
585,106.48927280069059,106.48927280069059,synthetic teaching data
586,101.51560607501207,101.51560607501207,synthetic teaching data
587,99.33516243198123,99.33516243198123,synthetic teaching data
588,109.52309898950689,109.52309898950689,synthetic teaching data
589,107.03056263999862,107.03056263999862,synthetic teaching data
590,105.35705732836423,105.35705732836423,synthetic teaching data
591,103.86132970745294,103.86132970745294,synthetic teaching data
592,108.70652774064497,108.70652774064497,synthetic teaching data
593,110.51318535684062,110.51318535684062,synthetic teaching data
594,105.23014465795988,105.23014465795988,synthetic teaching data
595,116.70453817244034,116.70453817244034,synthetic teaching data
596,115.86856658391063,115.86856658391063,synthetic teaching data
597,117.29998990162629,117.29998990162629,synthetic teaching data
598,119.93599506883551,119.93599506883551,synthetic teaching data
599,123.47816469783378,123.47816469783378,synthetic teaching data
