method,phase,onset,detected,delay
every_5s,0,0.25,True,4.75
every_5s,1,0.75,True,4.25
every_5s,2,1.25,True,3.75
every_5s,3,1.75,True,3.25
every_5s,4,2.25,True,2.75
every_5s,5,2.75,True,2.25
every_5s,6,3.25,True,1.75
every_5s,7,3.75,True,1.25
every_5s,8,4.25,True,0.75
every_5s,9,4.75,True,0.25
every_5s,10,5.25,True,4.75
every_5s,11,5.75,True,4.25
every_5s,12,6.25,True,3.75
every_5s,13,6.75,True,3.25
every_5s,14,7.25,True,2.75
every_5s,15,7.75,True,2.25
every_5s,16,8.25,True,1.75
every_5s,17,8.75,True,1.25
every_5s,18,9.25,True,0.75
every_5s,19,9.75,True,0.25
every_5s,20,10.25,True,4.75
every_5s,21,10.75,True,4.25
every_5s,22,11.25,True,3.75
every_5s,23,11.75,True,3.25
every_5s,24,12.25,True,2.75
every_5s,25,12.75,True,2.25
every_5s,26,13.25,True,1.75
every_5s,27,13.75,True,1.25
every_5s,28,14.25,True,0.75
every_5s,29,14.75,True,0.25
every_5s,30,15.25,True,4.75
every_5s,31,15.75,True,4.25
every_5s,32,16.25,True,3.75
every_5s,33,16.75,True,3.25
every_5s,34,17.25,True,2.75
every_5s,35,17.75,True,2.25
every_5s,36,18.25,True,1.75
every_5s,37,18.75,True,1.25
every_5s,38,19.25,True,0.75
every_5s,39,19.75,True,0.25
every_5s,40,20.25,True,4.75
every_5s,41,20.75,True,4.25
every_5s,42,21.25,True,3.75
every_5s,43,21.75,True,3.25
every_5s,44,22.25,True,2.75
every_5s,45,22.75,True,2.25
every_5s,46,23.25,True,1.75
every_5s,47,23.75,True,1.25
every_5s,48,24.25,True,0.75
every_5s,49,24.75,True,0.25
every_5s,50,25.25,True,4.75
every_5s,51,25.75,True,4.25
every_5s,52,26.25,True,3.75
every_5s,53,26.75,True,3.25
every_5s,54,27.25,True,2.75
every_5s,55,27.75,True,2.25
every_5s,56,28.25,True,1.75
every_5s,57,28.75,True,1.25
every_5s,58,29.25,True,0.75
every_5s,59,29.75,True,0.25
every_5s,60,30.25,True,4.75
every_5s,61,30.75,True,4.25
every_5s,62,31.25,True,3.75
every_5s,63,31.75,True,3.25
every_5s,64,32.25,True,2.75
every_5s,65,32.75,True,2.25
every_5s,66,33.25,True,1.75
every_5s,67,33.75,True,1.25
every_5s,68,34.25,True,0.75
every_5s,69,34.75,True,0.25
every_5s,70,35.25,True,4.75
every_5s,71,35.75,True,4.25
every_5s,72,36.25,True,3.75
every_5s,73,36.75,True,3.25
every_5s,74,37.25,True,2.75
every_5s,75,37.75,True,2.25
every_5s,76,38.25,True,1.75
every_5s,77,38.75,True,1.25
every_5s,78,39.25,True,0.75
every_5s,79,39.75,True,0.25
every_5s,80,40.25,True,4.75
every_5s,81,40.75,True,4.25
every_5s,82,41.25,True,3.75
every_5s,83,41.75,True,3.25
every_5s,84,42.25,True,2.75
every_5s,85,42.75,True,2.25
every_5s,86,43.25,True,1.75
every_5s,87,43.75,True,1.25
every_5s,88,44.25,True,0.75
every_5s,89,44.75,True,0.25
every_5s,90,45.25,True,4.75
every_5s,91,45.75,True,4.25
every_5s,92,46.25,True,3.75
every_5s,93,46.75,True,3.25
every_5s,94,47.25,True,2.75
every_5s,95,47.75,True,2.25
every_5s,96,48.25,True,1.75
every_5s,97,48.75,True,1.25
every_5s,98,49.25,True,0.75
every_5s,99,49.75,True,0.25
every_5s,100,50.25,True,4.75
every_5s,101,50.75,True,4.25
every_5s,102,51.25,True,3.75
every_5s,103,51.75,True,3.25
every_5s,104,52.25,True,2.75
every_5s,105,52.75,True,2.25
every_5s,106,53.25,True,1.75
every_5s,107,53.75,True,1.25
every_5s,108,54.25,True,0.75
every_5s,109,54.75,True,0.25
every_5s,110,55.25,True,4.75
every_5s,111,55.75,True,4.25
every_5s,112,56.25,True,3.75
every_5s,113,56.75,True,3.25
every_5s,114,57.25,True,2.75
every_5s,115,57.75,True,2.25
every_5s,116,58.25,True,1.75
every_5s,117,58.75,True,1.25
every_5s,118,59.25,True,0.75
every_5s,119,59.75,True,0.25
alternating_4_6,0,0.25,True,3.75
alternating_4_6,1,0.75,True,3.25
alternating_4_6,2,1.25,True,2.75
alternating_4_6,3,1.75,True,2.25
alternating_4_6,4,2.25,True,1.75
alternating_4_6,5,2.75,True,1.25
alternating_4_6,6,3.25,True,0.75
alternating_4_6,7,3.75,True,0.25
alternating_4_6,8,4.25,False,
alternating_4_6,9,4.75,False,
alternating_4_6,10,5.25,True,4.75
alternating_4_6,11,5.75,True,4.25
alternating_4_6,12,6.25,True,3.75
alternating_4_6,13,6.75,True,3.25
alternating_4_6,14,7.25,True,2.75
alternating_4_6,15,7.75,True,2.25
alternating_4_6,16,8.25,True,1.75
alternating_4_6,17,8.75,True,1.25
alternating_4_6,18,9.25,True,0.75
alternating_4_6,19,9.75,True,0.25
alternating_4_6,20,10.25,True,3.75
alternating_4_6,21,10.75,True,3.25
alternating_4_6,22,11.25,True,2.75
alternating_4_6,23,11.75,True,2.25
alternating_4_6,24,12.25,True,1.75
alternating_4_6,25,12.75,True,1.25
alternating_4_6,26,13.25,True,0.75
alternating_4_6,27,13.75,True,0.25
alternating_4_6,28,14.25,False,
alternating_4_6,29,14.75,False,
alternating_4_6,30,15.25,True,4.75
alternating_4_6,31,15.75,True,4.25
alternating_4_6,32,16.25,True,3.75
alternating_4_6,33,16.75,True,3.25
alternating_4_6,34,17.25,True,2.75
alternating_4_6,35,17.75,True,2.25
alternating_4_6,36,18.25,True,1.75
alternating_4_6,37,18.75,True,1.25
alternating_4_6,38,19.25,True,0.75
alternating_4_6,39,19.75,True,0.25
alternating_4_6,40,20.25,True,3.75
alternating_4_6,41,20.75,True,3.25
alternating_4_6,42,21.25,True,2.75
alternating_4_6,43,21.75,True,2.25
alternating_4_6,44,22.25,True,1.75
alternating_4_6,45,22.75,True,1.25
alternating_4_6,46,23.25,True,0.75
alternating_4_6,47,23.75,True,0.25
alternating_4_6,48,24.25,False,
alternating_4_6,49,24.75,False,
alternating_4_6,50,25.25,True,4.75
alternating_4_6,51,25.75,True,4.25
alternating_4_6,52,26.25,True,3.75
alternating_4_6,53,26.75,True,3.25
alternating_4_6,54,27.25,True,2.75
alternating_4_6,55,27.75,True,2.25
alternating_4_6,56,28.25,True,1.75
alternating_4_6,57,28.75,True,1.25
alternating_4_6,58,29.25,True,0.75
alternating_4_6,59,29.75,True,0.25
alternating_4_6,60,30.25,True,3.75
alternating_4_6,61,30.75,True,3.25
alternating_4_6,62,31.25,True,2.75
alternating_4_6,63,31.75,True,2.25
alternating_4_6,64,32.25,True,1.75
alternating_4_6,65,32.75,True,1.25
alternating_4_6,66,33.25,True,0.75
alternating_4_6,67,33.75,True,0.25
alternating_4_6,68,34.25,False,
alternating_4_6,69,34.75,False,
alternating_4_6,70,35.25,True,4.75
alternating_4_6,71,35.75,True,4.25
alternating_4_6,72,36.25,True,3.75
alternating_4_6,73,36.75,True,3.25
alternating_4_6,74,37.25,True,2.75
alternating_4_6,75,37.75,True,2.25
alternating_4_6,76,38.25,True,1.75
alternating_4_6,77,38.75,True,1.25
alternating_4_6,78,39.25,True,0.75
alternating_4_6,79,39.75,True,0.25
alternating_4_6,80,40.25,True,3.75
alternating_4_6,81,40.75,True,3.25
alternating_4_6,82,41.25,True,2.75
alternating_4_6,83,41.75,True,2.25
alternating_4_6,84,42.25,True,1.75
alternating_4_6,85,42.75,True,1.25
alternating_4_6,86,43.25,True,0.75
alternating_4_6,87,43.75,True,0.25
alternating_4_6,88,44.25,False,
alternating_4_6,89,44.75,False,
alternating_4_6,90,45.25,True,4.75
alternating_4_6,91,45.75,True,4.25
alternating_4_6,92,46.25,True,3.75
alternating_4_6,93,46.75,True,3.25
alternating_4_6,94,47.25,True,2.75
alternating_4_6,95,47.75,True,2.25
alternating_4_6,96,48.25,True,1.75
alternating_4_6,97,48.75,True,1.25
alternating_4_6,98,49.25,True,0.75
alternating_4_6,99,49.75,True,0.25
alternating_4_6,100,50.25,True,3.75
alternating_4_6,101,50.75,True,3.25
alternating_4_6,102,51.25,True,2.75
alternating_4_6,103,51.75,True,2.25
alternating_4_6,104,52.25,True,1.75
alternating_4_6,105,52.75,True,1.25
alternating_4_6,106,53.25,True,0.75
alternating_4_6,107,53.75,True,0.25
alternating_4_6,108,54.25,False,
alternating_4_6,109,54.75,False,
alternating_4_6,110,55.25,True,4.75
alternating_4_6,111,55.75,True,4.25
alternating_4_6,112,56.25,True,3.75
alternating_4_6,113,56.75,True,3.25
alternating_4_6,114,57.25,True,2.75
alternating_4_6,115,57.75,True,2.25
alternating_4_6,116,58.25,True,1.75
alternating_4_6,117,58.75,True,1.25
alternating_4_6,118,59.25,True,0.75
alternating_4_6,119,59.75,True,0.25
